Content Type,Content Coding,Media Type,ID,Reference
text/plain; charset=utf-8,,[text/plain],0,[RFC2046][RFC3676][RFC5147]
Unassigned,,,1-15,
"application/cose; cose-type=""cose-encrypt0""",,[application/cose],16,[RFC9052]
"application/cose; cose-type=""cose-mac0""",,[application/cose],17,[RFC9052]
"application/cose; cose-type=""cose-sign1""",,[application/cose],18,[RFC9052]
application/ace+cbor,,[application/ace+cbor],19,[RFC9200]
Unassigned,,,20,
image/gif,,[image/gif],21,[https://www.w3.org/Graphics/GIF/spec-gif89a.txt]
image/jpeg,,[image/jpeg],22,[ISO/IEC 10918-5]
image/png,,[image/png],23,[PNG]
Unassigned,,,24-39,
application/link-format,,[application/link-format],40,[RFC6690]
application/xml,,[application/xml],41,[RFC3023]
application/octet-stream,,[application/octet-stream],42,[RFC2045][RFC2046]
Unassigned,,,43-46,
application/exi,,[application/exi],47,"[""Efficient XML Interchange (EXI) Format 1.0 (Second Edition)"", February 2014]"
Unassigned,,,48-49,
application/json,,[application/json],50,[RFC8259]
application/json-patch+json,,[application/json-patch+json],51,[RFC6902]
application/merge-patch+json,,[application/merge-patch+json],52,[RFC7396]
Unassigned,,,53-59,
application/cbor,,[application/cbor],60,[RFC8949]
application/cwt,,[application/cwt],61,[RFC8392]
application/multipart-core,,[application/multipart-core],62,[RFC8710]
application/cbor-seq,,[application/cbor-seq],63,[RFC8742]
application/edhoc+cbor-seq,,[application/edhoc+cbor-seq],64,[RFC9528]
application/cid-edhoc+cbor-seq,,[application/cid-edhoc+cbor-seq],65,[RFC9528]
Unassigned,,,66-95,
"application/cose; cose-type=""cose-encrypt""",,[application/cose],96,[RFC9052]
"application/cose; cose-type=""cose-mac""",,[application/cose],97,[RFC9052]
"application/cose; cose-type=""cose-sign""",,[application/cose],98,[RFC9052]
Unassigned,,,99-100,
application/cose-key,,[application/cose-key],101,[RFC9052]
application/cose-key-set,,[application/cose-key-set],102,[RFC9052]
Unassigned,,,103-109,
application/senml+json,,[application/senml+json],110,[RFC8428]
application/sensml+json,,[application/sensml+json],111,[RFC8428]
application/senml+cbor,,[application/senml+cbor],112,[RFC8428]
application/sensml+cbor,,[application/sensml+cbor],113,[RFC8428]
application/senml-exi,,[application/senml-exi],114,[RFC8428]
application/sensml-exi,,[application/sensml-exi],115,[RFC8428]
Unassigned,,,116-139,
application/yang-data+cbor; id=sid,,[application/yang-data+cbor],140,[RFC9254]
Unassigned,,,141-255,
application/coap-group+json,,[application/coap-group+json],256,[RFC7390]
application/concise-problem-details+cbor,,[application/concise-problem-details+cbor],257,[RFC9290]
application/swid+cbor,,[application/swid+cbor],258,[RFC9393]
application/pkixcmp,,[application/pkixcmp],259,[RFC9482][RFC9811]
application/yang-sid+json,,[application/yang-sid+json],260,[RFC9595]
application/ace-groupcomm+cbor,,[application/ace-groupcomm+cbor],261,[RFC9594]
application/ace-trl+cbor,,[application/ace-trl+cbor],262,[RFC9770]
application/eat+cwt,,[application/eat+cwt],263,[RFC9782]
application/eat+jwt,,[application/eat+jwt],264,[RFC9782]
application/eat-bun+cbor,,[application/eat-bun+cbor],265,[RFC9782]
application/eat-bun+json,,[application/eat-bun+json],266,[RFC9782]
application/eat-ucs+cbor,,[application/eat-ucs+cbor],267,[RFC9782]
application/eat-ucs+json,,[application/eat-ucs+json],268,[RFC9782]
application/coap-eap,,[application/coap-eap],269,[RFC9820]
application/suit-report+cose,,[application/suit-report+cose],270,[RFC-ietf-suit-report-19]
application/dots+cbor,,[application/dots+cbor],271,[RFC9132]
application/missing-blocks+cbor-seq,,[application/missing-blocks+cbor-seq],272,[RFC9177]
application/cmw+cbor,,[application/cmw+cbor],273,"[RFC9999, Sections 3.1, 3.2, 3.3]"
application/cmw+json,,[application/cmw+json],274,"[RFC9999, Sections 3.1, 3.3]"
application/cmw+cose,,[application/cmw+cose],275,"[RFC9999, Section 4.1]"
application/cmw+jws,,[application/cmw+jws],276,"[RFC9999, Section 4.2]"
application/scitt-statement+cose,,[application/scitt-statement+cose],277,[RFC9943]
application/scitt-receipt+cose,,[application/scitt-receipt+cose],278,[RFC9943]
application/statuslist+cwt,,[application/statuslist+cwt],279,[RFC-ietf-oauth-status-list-21]
application/pkcs7-mime; smime-type=server-generated-key,,[application/pkcs7-mime],280,[RFC7030][RFC8551][RFC9148]
application/pkcs7-mime; smime-type=certs-only,,[application/pkcs7-mime],281,[RFC8551][RFC9148]
Unassigned,,,282-283,
application/pkcs8,,[application/pkcs8],284,[RFC5958][RFC8551][RFC9148]
application/csrattrs,,[application/csrattrs],285,[RFC7030][RFC9148]
application/pkcs10,,[application/pkcs10],286,[RFC5967][RFC8551][RFC9148]
application/pkix-cert,,[application/pkix-cert],287,[RFC2585][RFC9148]
Unassigned,,,288-289,
application/aif+cbor,,[application/aif+cbor],290,[RFC9237]
application/aif+json,,[application/aif+json],291,[RFC9237]
application/aif+cbor;toid=CRI-local-part,,[application/aif+cbor],292,[RFC-ietf-core-href-29]
"application/sd-cwt (TEMPORARY - registered 2025-12-08, expires 2026-12-08)",,[https://www.iana.org/assignments/provisional-standard-media-types],293,"[draft-ietf-spice-sd-cwt-06, Section 5]"
"application/kb+cwt (TEMPORARY - registered 2025-12-08, expires 2026-12-08)",,[https://www.iana.org/assignments/provisional-standard-media-types],294,"[draft-ietf-spice-sd-cwt-06, Section 8.1]"
application/measured-component+cbor,,[application/measured-component+cbor],295,[RFC10013]
application/measured-component+json,,[application/measured-component+json],296,[RFC10013]
application/aif+cbor;toid=oscore-gname;tperm=oscore-gperm,,[application/aif+cbor],297,[RFC-ietf-ace-key-groupcomm-oscore-21]
application/aif+json;toid=oscore-gname;tperm=oscore-gperm,,[application/aif+json],298,[RFC-ietf-ace-key-groupcomm-oscore-21]
application/cose-c509-cert+cbor,,[application/cose-c509-cert+cbor],299,[RFC-ietf-cose-cbor-encoded-cert-20]
application/cose-c509+cbor,,[application/cose-c509+cbor],300,[RFC-ietf-cose-cbor-encoded-cert-20]
application/cose-c509+cbor;usage=chain,,[application/cose-c509+cbor],301,[RFC-ietf-cose-cbor-encoded-cert-20]
application/cose-c509-pkcs10+cbor,,[application/cose-c509-pkcs10+cbor],302,[RFC-ietf-cose-cbor-encoded-cert-20]
application/cose-c509-crtemplate+cbor,,[application/cose-c509-crtemplate+cbor],303,[RFC-ietf-cose-cbor-encoded-cert-20]
application/cose-c509-privkey+cbor,,[application/cose-c509-privkey+cbor],304,[RFC-ietf-cose-cbor-encoded-cert-20]
application/cose-c509-pem+cbor,,[application/cose-c509-pem+cbor],305,[RFC-ietf-cose-cbor-encoded-cert-20]
application/cose-certhash+cbor,,[application/cose-certhash+cbor],306,[RFC-ietf-cose-cbor-encoded-cert-20]
application/cose-certhash+cbor;usage=c509,,[application/cose-certhash+cbor],307,[RFC-ietf-cose-cbor-encoded-cert-20]
Unassigned,,,308-309,
application/senml+xml,,[application/senml+xml],310,[RFC8428]
application/sensml+xml,,[application/sensml+xml],311,[RFC8428]
Unassigned,,,312-319,
application/senml-etch+json,,[application/senml-etch+json],320,[RFC8790]
Unassigned,,,321,
application/senml-etch+cbor,,[application/senml-etch+cbor],322,[RFC8790]
Unassigned,,,323-339,
application/yang-data+cbor,,[application/yang-data+cbor],340,[RFC9254]
application/yang-data+cbor; id=name,,[application/yang-data+cbor],341,[RFC9254]
Unassigned,,,342-431,
application/td+json,,[application/td+json],432,"[""Web of Things (WoT) Thing Description 1.1"", April 2022]"
application/tm+json,,[application/tm+json],433,"[""Web of Things (WoT) Thing Description 1.1"", April 2022]"
application/sdf+json,,[application/sdf+json],434,[RFC9880]
Unassigned,,,435-552,
application/dns-message,,[application/dns-message],553,"[RFC8484][RFC9953, Section 4.1]"
Unassigned,,,554-600,
application/uccs+cbor,,[application/uccs+cbor],601,"[RFC9781, Section 6.4]"
Unassigned,,,602-835,
"application/voucher+cose (TEMPORARY - registered 2022-04-12, extension registered 2026-03-18, expires 2027-04-12)",,[https://www.iana.org/assignments/provisional-standard-media-types],836,[draft-ietf-anima-constrained-voucher-23]
Unassigned,,,837-1541,
"Reserved, do not use",,,1542-1543,[OMA-TS-LightweightM2M-V1_0]
Unassigned,,,1544-9999,
application/vnd.ocf+cbor,,[application/vnd.ocf+cbor],10000,[Michael_Koster]
application/oscore,,[application/oscore],10001,[RFC8613]
application/javascript,,[application/javascript],10002,[RFC4329]
"application/eat+cwt; eat_profile=""tag:psacertified.org,2023:psa#tfm""",,[application/eat+cwt],10003,[RFC9783]
"application/eat+cwt; eat_profile=""tag:psacertified.org,2019:psa#legacy""",,[application/eat+cwt],10004,[RFC9783]
application/eat+cwt; eat_profile=2.16.840.1.113741.1.16.1,,[application/eat+cwt],10005,[RFC9782][draft-cds-rats-intel-corim-profile-05]
application/vnd.oms.cellular-cose-content+cbor,,[application/vnd.oms.cellular-cose-content+cbor],10006,[OMS-Group e. V.]
application/syslog-msg,,[application/syslog-msg],10007,[https://www.iana.org/assignments/media-types/application/syslog-msg]
Unassigned,,,10008-10569,
application/toc+cbor,,[application/toc+cbor],10570,"[CE-Binding, Section 6.3.1]"
application/ce+cbor,,[application/ce+cbor],10571,"[CE-Binding, Section 6.3.2]"
application/toc+cbor;profile=2.16.840.1.113741.1.16.1,,[application/toc+cbor],10572,[TCG DICE Concise Evidence Binding for SPDM][draft-cds-rats-intel-corim-profile-05]
application/ce+cbor;profile=2.16.840.1.113741.1.16.1,,[application/ce+cbor],10573,[TCG DICE Concise Evidence Binding for SPDM][draft-cds-rats-intel-corim-profile-05]
Unassigned,,,10574-11049,
application/json,deflate,[application/json],11050,"[RFC8259][RFC9110, Section 8.4.1.2]"
Unassigned,,,11051-11059,
application/cbor,deflate,[application/cbor],11060,"[RFC8949][RFC9110, Section 8.4.1.2]"
Unassigned,,,11061-11541,
application/vnd.oma.lwm2m+tlv,,[application/vnd.oma.lwm2m+tlv],11542,[OMA-TS-LightweightM2M-V1_0]
application/vnd.oma.lwm2m+json,,[application/vnd.oma.lwm2m+json],11543,[OMA-TS-LightweightM2M-V1_0]
application/vnd.oma.lwm2m+cbor,,[application/vnd.oma.lwm2m+cbor],11544,[OMA-TS-LightweightM2M-V1_2]
Unassigned,,,11545-11999,
text/plain;charset=utf-8,zstd,[text/plain],12000,[Benjamin_Valentin]
Unassigned,,,12001-12040,
application/xml,zstd,[application/xml],12041,[Benjamin_Valentin]
Unassigned,,,12042-12049,
application/json,zstd,[application/json],12050,[Benjamin_Valentin]
Unassigned,,,12051-19999,
text/css,,[text/css],20000,[RFC2318]
application/vnd.as207960.vas.config+jer,,[application/vnd.as207960.vas.config+jer],20001,[AS207960_Cyfyngedig]
application/vnd.as207960.vas.config+uper,,[application/vnd.as207960.vas.config+uper],20002,[AS207960_Cyfyngedig]
application/vnd.as207960.vas.tap+jer,,[application/vnd.as207960.vas.tap+jer],20003,[AS207960_Cyfyngedig]
application/vnd.as207960.vas.tap+uper,,[application/vnd.as207960.vas.tap+uper],20004,[AS207960_Cyfyngedig]
Unassigned,,,20005-29999,
image/svg+xml,,[image/svg+xml],30000,[https://www.w3.org/TR/SVG/mimereg.html]
Unassigned,,,30001-64997,
Reserved for Documentation,,,64998-64999,[RFC9876]
Reserved for Experimental Use,,,65000-65535,[RFC7252]
